Year,EBIT
2010,56.39
2011,86.2225
2012,130.198225
2013,168.140515
2014,217.6389383125
